{"loss": 0.42176300287246704, "accuracy": 0.8514999747276306}