{"loss": 0.39214223623275757, "accuracy": 0.8582000136375427}