{"loss": 0.3579288721084595, "accuracy": 0.8738999962806702}