{"loss": 0.3494682312011719, "accuracy": 0.8740000128746033}