{"loss": 0.37836018204689026, "accuracy": 0.8640000224113464}