{"loss": 0.5023536682128906, "accuracy": 0.8181999921798706}