epoch,loss,accuracy
1,0.5262110233306885,0.8146499991416931
