epoch,loss,accuracy
1,0.663659393787384,0.7705833315849304
