epoch,loss,accuracy
1,0.6116584539413452,0.7887333035469055
