epoch,loss,accuracy
1,0.6918995976448059,0.7471500039100647
