epoch,loss,accuracy
1,0.6850901246070862,0.7598833441734314
