step	accuracy
0	0.649649977684021
1	0.7764166593551636
2	0.8046666383743286
3	0.8206666707992554
4	0.8313166499137878
5	0.8394333124160767
6	0.847599983215332
7	0.8514333367347717
8	0.8554333448410034
9	0.8597333431243896
